Li2Qt93mrW3JOFWNzwXb;andres;19;847345
WwwUhB8JmTV3jhImMonZ;andres;20;77645
WwwUhB8JmTV3jhImMonZ;andres;20;84763
rcnqsIgx0A2Bdr719Emw;andres;19;78945612
8BUeGube2FG51WggSYVx;fab;12;1233445
EB5hKatAVSPGAGxYFaD0;fabian;18;404417803
fb5jYkau9WxOzUZEG3Hg;andres;20;75591247
QRcttr7qZb6Y0Qg3XiCX;fbd;28;77777777
TdVpHIgjOeYh12VlAUKf;andres12;20;75591247
60mdLaiUHFiSZMGTbpKl;andres;20;746637212
KJaLDIYtVPtQDklV90bP;andres;20;87746212
KJaLDIYtVPtQDklV90bP;asdfas;20;75591237
l9RavbfCjLEGesg8QEI0;skynex;20;75591247
l9RavbfCjLEGesg8QEI0;asds;12;312312
u63tcISVuUla4dLSmXjD;andres;20;75591247
iGLtPX8N8ijwb94wupXu;Julian;19;73783286
QBfdmir02mHEF3pPU3J7;asd;22;78945612
